ADV,LAT,LON,TIME,WIND,PR,STAT,NAME,DATES
1,30.60,-78.60,07/31/21Z,25,1010,TROPICAL DEPRESSION,Alex,31 JUL-06 AUG 2004
1A,30.90,-78.60,08/01/00Z,25,1010,TROPICAL DEPRESSION,Alex,31 JUL-06 AUG 2004
2,31.40,-78.90,08/01/03Z,25,1009,TROPICAL DEPRESSION,Alex,31 JUL-06 AUG 2004
2A,31.60,-78.90,08/01/06Z,25,1009,TROPICAL DEPRESSION,Alex,31 JUL-06 AUG 2004
3,32.10,-79.10,08/01/09Z,25,1009,TROPICAL DEPRESSION,Alex,31 JUL-06 AUG 2004
3A,32.50,-79.20,08/01/12Z,25,1009,TROPICAL DEPRESSION,Alex,31 JUL-06 AUG 2004
4,31.90,-79.20,08/01/15Z,30,1011,TROPICAL DEPRESSION,Alex,31 JUL-06 AUG 2004
4A,31.70,-79.10,08/01/18Z,35,1010,TROPICAL STORM,Alex,31 JUL-06 AUG 2004
5,31.70,-79.20,08/01/21Z,35,1010,TROPICAL STORM,Alex,31 JUL-06 AUG 2004
5A,31.50,-79.20,08/02/00Z,35,1009,TROPICAL STORM,Alex,31 JUL-06 AUG 2004
6,31.50,-79.20,08/02/03Z,35,1007,TROPICAL STORM,Alex,31 JUL-06 AUG 2004
6A,31.40,-79.40,08/02/06Z,35,1005,TROPICAL STORM,Alex,31 JUL-06 AUG 2004
7,31.40,-79.50,08/02/09Z,35,1004,TROPICAL STORM,Alex,31 JUL-06 AUG 2004
8,31.30,-79.00,08/02/12Z,50,992,TROPICAL STORM,Alex,31 JUL-06 AUG 2004
9,31.50,-78.70,08/02/15Z,50,993,TROPICAL STORM,Alex,31 JUL-06 AUG 2004
9A,31.80,-78.60,08/02/18Z,50,993,TROPICAL STORM,Alex,31 JUL-06 AUG 2004
10,32.10,-78.50,08/02/21Z,50,993,TROPICAL STORM,Alex,31 JUL-06 AUG 2004
10A,32.40,-78.10,08/03/00Z,55,993,TROPICAL STORM,Alex,31 JUL-06 AUG 2004
11,32.80,-77.80,08/03/03Z,60,987,TROPICAL STORM,Alex,31 JUL-06 AUG 2004
11A,33.00,-77.40,08/03/06Z,65,983,HURRICANE-1,Alex,31 JUL-06 AUG 2004
12,33.50,-76.90,08/03/09Z,70,983,HURRICANE-1,Alex,31 JUL-06 AUG 2004
12A,34.10,-76.50,08/03/12Z,80,974,HURRICANE-1,Alex,31 JUL-06 AUG 2004
13,34.70,-75.80,08/03/15Z,85,973,HURRICANE-2,Alex,31 JUL-06 AUG 2004
13A,35.10,-75.40,08/03/17Z,85,970,HURRICANE-2,Alex,31 JUL-06 AUG 2004
13B,35.40,-75.10,08/03/19Z,85,972,HURRICANE-2,Alex,31 JUL-06 AUG 2004
14,35.80,-74.60,08/03/21Z,85,972,HURRICANE-2,Alex,31 JUL-06 AUG 2004
14A,36.00,-73.80,08/04/00Z,85,972,HURRICANE-2,Alex,31 JUL-06 AUG 2004
15,36.50,-72.80,08/04/03Z,80,973,HURRICANE-1,Alex,31 JUL-06 AUG 2004
16,37.10,-71.10,08/04/09Z,80,973,HURRICANE-1,Alex,31 JUL-06 AUG 2004
17,37.70,-69.00,08/04/15Z,75,979,HURRICANE-1,Alex,31 JUL-06 AUG 2004
18,37.90,-67.50,08/04/21Z,90,970,HURRICANE-2,Alex,31 JUL-06 AUG 2004
19,38.90,-64.80,08/05/03Z,05,957,HURRICANE-3,Alex,31 JUL-06 AUG 2004
20,40.00,-61.50,08/05/09Z,105,957,HURRICANE-3,Alex,31 JUL-06 AUG 2004
21,41.70,-57.60,08/05/15Z,105,957,HURRICANE-3,Alex,31 JUL-06 AUG 2004
22,43.60,-52.80,08/05/21Z,90,970,HURRICANE-2,Alex,31 JUL-06 AUG 2004
23,44.90,-47.40,08/06/03Z,75,981,HURRICANE-1,Alex,31 JUL-06 AUG 2004
24,46.50,-41.50,08/06/09Z,65,984,HURRICANE-1,Alex,31 JUL-06 AUG 2004
25,47.50,-34.60,08/06/15Z,50,987,TROPICAL STORM,Alex,31 JUL-06 AUG 2004
1,13.20,-54.20,08/03/15Z,25,1009,TROPICAL DEPRESSION,Tropical Depression 2,03-04 AUG 200
2,13.60,-56.60,08/03/21Z,25,1009,TROPICAL DEPRESSION,Tropical Depression 2,03-04 AUG 200
2A,13.50,-57.30,08/04/00Z,25,1009,TROPICAL DEPRESSION,Tropical Depression 2,03-04 AUG 200
3,13.60,-58.30,08/04/03Z,30,1009,TROPICAL DEPRESSION,Tropical Depression 2,03-04 AUG 200
3A,13.70,-59.70,08/04/06Z,30,1010,TROPICAL DEPRESSION,Tropical Depression 2,03-04 AUG 200
4,13.80,-60.70,08/04/09Z,30,1010,TROPICAL DEPRESSION,Tropical Depression 2,03-04 AUG 200
4A,13.80,-61.50,08/04/12Z,30,1010,TROPICAL DEPRESSION,Tropical Depression 2,03-04 AUG 200
5,13.80,-62.70,08/04/15Z,30,1011,TROPICAL DEPRESSION,Tropical Depression 2,03-04 AUG 200
6,13.50,-63.50,08/04/21Z,30,1011,TROPICAL DEPRESSION,Tropical Depression 2,03-04 AUG 200
7,23.20,-88.70,08/09/21Z,40,1007,TROPICAL STORM,Bonnie,09-12 AUG 2004
8,23.40,-89.20,08/10/03Z,45,1006,TROPICAL STORM,Bonnie,09-12 AUG 2004
9,23.60,-90.10,08/10/09Z,45,1007,TROPICAL STORM,Bonnie,09-12 AUG 2004
10,24.20,-90.60,08/10/15Z,50,1002,TROPICAL STORM,Bonnie,09-12 AUG 2004
11,24.70,-90.50,08/10/21Z,45,1004,TROPICAL STORM,Bonnie,09-12 AUG 2004
12,25.00,-90.40,08/11/03Z,40,1004,TROPICAL STORM,Bonnie,09-12 AUG 2004
12A,25.20,-90.40,08/11/06Z,40,1004,TROPICAL STORM,Bonnie,09-12 AUG 2004
13,25.50,-90.50,08/11/09Z,40,1001,TROPICAL STORM,Bonnie,09-12 AUG 2004
13A,25.70,-90.50,08/11/12Z,45,1000,TROPICAL STORM,Bonnie,09-12 AUG 2004
14,25.90,-90.30,08/11/15Z,45,1000,TROPICAL STORM,Bonnie,09-12 AUG 2004
14A,26.20,-89.50,08/11/18Z,55,1000,TROPICAL STORM,Bonnie,09-12 AUG 2004
15,26.70,-89.30,08/11/21Z,55,1001,TROPICAL STORM,Bonnie,09-12 AUG 2004
15A,27.10,-88.70,08/12/00Z,55,1001,TROPICAL STORM,Bonnie,09-12 AUG 2004
16,27.40,-88.40,08/12/03Z,50,1007,TROPICAL STORM,Bonnie,09-12 AUG 2004
16A,27.70,-88.20,08/12/06Z,45,1010,TROPICAL STORM,Bonnie,09-12 AUG 2004
17,28.40,-87.50,08/12/09Z,45,1010,TROPICAL STORM,Bonnie,09-12 AUG 2004
17A,29.00,-86.10,08/12/12Z,45,1003,TROPICAL STORM,Bonnie,09-12 AUG 2004
18,29.50,-85.20,08/12/15Z,45,1002,TROPICAL STORM,Bonnie,09-12 AUG 2004
18A,30.10,-84.00,08/12/18Z,35,1005,TROPICAL STORM,Bonnie,09-12 AUG 2004
19,31.10,-83.00,08/12/21Z,30,1006,TROPICAL DEPRESSION,Bonnie,09-12 AUG 2004
1,11.70,-61.10,08/09/17Z,30,1011,TROPICAL DEPRESSION,Charley,09-15 AUG 2004
2,11.80,-62.00,08/09/21Z,30,1010,TROPICAL DEPRESSION,Charley,09-15 AUG 2004
3,12.40,-64.10,08/10/03Z,30,1010,TROPICAL DEPRESSION,Charley,09-15 AUG 2004
4,13.00,-66.30,08/10/09Z,35,1007,TROPICAL STORM,Charley,09-15 AUG 2004
5,13.70,-68.30,08/10/15Z,40,1005,TROPICAL STORM,Charley,09-15 AUG 2004
5A,14.50,-69.70,01/11/00Z,40,1005,TROPICAL STORM,Charley,09-15 AUG 2004
6,15.20,-70.80,08/10/21Z,45,999,TROPICAL STORM,Charley,09-15 AUG 2004
6A,15.70,-71.80,08/11/00Z,55,999,TROPICAL STORM,Charley,09-15 AUG 2004
7,16.00,-72.80,08/11/03Z,55,999,TROPICAL STORM,Charley,09-15 AUG 2004
7A,16.40,-73.80,08/11/06Z,55,999,TROPICAL STORM,Charley,09-15 AUG 2004
8,16.90,-74.70,08/11/09Z,55,999,TROPICAL STORM,Charley,09-15 AUG 2004
8A,16.90,-75.40,08/11/12Z,55,999,TROPICAL STORM,Charley,09-15 AUG 2004
9,16.50,-76.10,08/11/15Z,60,996,TROPICAL STORM,Charley,09-15 AUG 2004
9A,16.60,-76.80,08/11/18Z,65,993,HURRICANE-1,Charley,09-15 AUG 2004
10,17.00,-77.50,08/11/21Z,65,993,HURRICANE-1,Charley,09-15 AUG 2004
10A,17.20,-78.20,08/12/00Z,65,993,HURRICANE-1,Charley,09-15 AUG 2004
11,17.80,-78.70,08/12/03Z,65,993,HURRICANE-1,Charley,09-15 AUG 2004
11A,18.00,-79.20,08/12/06Z,75,989,HURRICANE-1,Charley,09-15 AUG 2004
12,19.70,-81.20,08/12/15Z,80,983,HURRICANE-1,Charley,09-15 AUG 2004
12A,19.20,-80.50,08/12/12Z,75,986,HURRICANE-1,Charley,09-15 AUG 2004
13,19.70,-81.20,08/12/15Z,80,983,HURRICANE-1,Charley,09-15 AUG 2004
13A,20.40,-81.50,08/12/18Z,85,980,HURRICANE-2,Charley,09-15 AUG 2004
14,21.20,-81.90,08/12/21Z,90,980,HURRICANE-2,Charley,09-15 AUG 2004
14A,21.70,-82.30,08/13/00Z,90,976,HURRICANE-2,Charley,09-15 AUG 2004
15,22.20,-82.40,08/13/03Z,90,975,HURRICANE-2,Charley,09-15 AUG 2004
15A,23.00,-82.60,08/13/06Z,90,973,HURRICANE-2,Charley,09-15 AUG 2004
16,23.90,-82.90,08/13/09Z,95,970,HURRICANE-2,Charley,09-15 AUG 2004
16A,24.30,-82.90,08/13/11Z,95,969,HURRICANE-2,Charley,09-15 AUG 2004
16B,24.70,-82.90,08/13/13Z,95,970,HURRICANE-2,Charley,09-15 AUG 2004
17,25.20,-82.80,08/13/15Z,95,965,HURRICANE-2,Charley,09-15 AUG 2004
17A,25.70,-82.50,08/13/17Z,110,964,HURRICANE-3,Charley,09-15 AUG 2004
18,26.00,-82.40,08/13/18Z,125,954,HURRICANE-4,Charley,09-15 AUG 2004
19,26.90,-82.20,08/13/21Z,120,941,HURRICANE-4,Charley,09-15 AUG 2004
19A,27.70,-81.80,08/13/23Z,100,950,HURRICANE-3,Charley,09-15 AUG 2004
19B,28.40,-81.40,08/14/01Z,80,965,HURRICANE-1,Charley,09-15 AUG 2004
20,29.10,-81.10,08/14/03Z,75,975,HURRICANE-1,Charley,09-15 AUG 2004
20A,30.10,-80.80,08/14/06Z,75,993,HURRICANE-1,Charley,09-15 AUG 2004
21,31.20,-80.50,08/14/09Z,75,994,HURRICANE-1,Charley,09-15 AUG 2004
21A,32.30,-79.70,08/14/12Z,75,993,HURRICANE-1,Charley,09-15 AUG 2004
22,33.20,-79.00,08/14/15Z,65,990,HURRICANE-1,Charley,09-15 AUG 2004
22A,34.80,-77.90,08/14/18Z,60,995,TROPICAL STORM,Charley,09-15 AUG 2004
23,36.00,-77.00,08/14/21Z,60,1000,TROPICAL STORM,Charley,09-15 AUG 2004
23A,36.90,-75.90,08/15/00Z,45,1008,TROPICAL STORM,Charley,09-15 AUG 2004
24,37.90,-74.90,08/15/03Z,35,1012,TROPICAL STORM,Charley,09-15 AUG 2004
24A,39.20,-73.80,08/15/06Z,35,1014,TROPICAL STORM,Charley,09-15 AUG 2004
25,40.80,-73.00,08/15/09Z,35,1012,TROPICAL STORM,Charley,09-15 AUG 2004
25A,42.00,-71.00,08/15/12Z,35,1016,TROPICAL STORM,Charley,09-15 AUG 2004
26,43.00,-69.00,08/15/15Z,30,1016,TROPICAL DEPRESSION,Charley,09-15 AUG 2004
1,12.20,-22.70,08/13/15Z,30,1009,TROPICAL DEPRESSION,Danielle,13-21 AUG 2004
2,12.50,-24.00,08/13/21Z,30,1009,TROPICAL DEPRESSION,Danielle,13-21 AUG 2004
3,12.70,-24.80,08/14/03Z,35,1009,TROPICAL STORM,Danielle,13-21 AUG 2004
4,13.20,-25.90,08/14/09Z,40,1004,TROPICAL STORM,Danielle,13-21 AUG 2004
5,13.30,-27.30,08/14/15Z,45,1000,TROPICAL STORM,Danielle,13-21 AUG 2004
6,13.70,-28.70,08/14/21Z,55,994,TROPICAL STORM,Danielle,13-21 AUG 2004
7,14.20,-30.00,08/15/03Z,65,987,HURRICANE-1,Danielle,13-21 AUG 2004
8,14.20,-31.60,08/15/09Z,75,981,HURRICANE-1,Danielle,13-21 AUG 2004
9,15.00,-32.70,08/15/15Z,75,981,HURRICANE-1,Danielle,13-21 AUG 2004
10,15.40,-33.90,08/15/21Z,85,975,HURRICANE-2,Danielle,13-21 AUG 2004
11,16.40,-35.40,08/16/03Z,90,970,HURRICANE-2,Danielle,13-21 AUG 2004
12,17.20,-36.30,08/16/09Z,90,970,HURRICANE-2,Danielle,13-21 AUG 2004
13,18.20,-37.70,08/16/15Z,90,970,HURRICANE-2,Danielle,13-21 AUG 2004
14,19.70,-38.60,08/16/21Z,90,970,HURRICANE-2,Danielle,13-21 AUG 2004
15,21.00,-39.20,08/17/03Z,90,970,HURRICANE-2,Danielle,13-21 AUG 2004
16,22.30,-39.90,08/17/09Z,90,970,HURRICANE-2,Danielle,13-21 AUG 2004
17,24.00,-40.20,08/17/15Z,90,970,HURRICANE-2,Danielle,13-21 AUG 2004
18,25.80,-40.50,08/17/21Z,85,974,HURRICANE-2,Danielle,13-21 AUG 2004
19,26.50,-40.60,08/18/03Z,80,978,HURRICANE-1,Danielle,13-21 AUG 2004
20,27.90,-40.70,08/18/09Z,65,985,HURRICANE-1,Danielle,13-21 AUG 2004
21,28.50,-39.50,08/18/15Z,55,994,TROPICAL STORM,Danielle,13-21 AUG 2004
22,29.30,-38.40,08/18/21Z,45,1005,TROPICAL STORM,Danielle,13-21 AUG 2004
23,29.60,-37.50,08/19/03Z,40,1007,TROPICAL STORM,Danielle,13-21 AUG 2004
24,30.00,-37.50,08/19/09Z,40,1007,TROPICAL STORM,Danielle,13-21 AUG 2004
25,30.00,-37.40,08/19/15Z,35,1007,TROPICAL STORM,Danielle,13-21 AUG 2004
26,30.00,-37.40,08/19/21Z,35,1007,TROPICAL STORM,Danielle,13-21 AUG 2004
27,29.70,-36.70,08/20/03Z,35,1008,TROPICAL STORM,Danielle,13-21 AUG 2004
28,30.30,-37.00,08/20/09Z,35,1010,TROPICAL STORM,Danielle,13-21 AUG 2004
29,30.80,-37.40,08/20/15Z,35,1009,TROPICAL STORM,Danielle,13-21 AUG 2004
30,31.00,-37.70,08/20/21Z,30,1009,TROPICAL DEPRESSION,Danielle,13-21 AUG 2004
31,31.20,-38.30,08/21/03Z,30,1009,TROPICAL DEPRESSION,Danielle,13-21 AUG 2004
32,30.60,-38.80,08/21/09Z,30,1009,TROPICAL DEPRESSION,Danielle,13-21 AUG 2004
33,30.70,-39.10,08/21/15Z,25,1009,TROPICAL DEPRESSION,Danielle,13-21 AUG 2004
1,8.90,-46.20,08/13/21Z,30,1009,TROPICAL DEPRESSION,Earl,13-16 AUG 2004
2,9.40,-48.30,08/14/03Z,25,1009,TROPICAL DEPRESSION,Earl,13-16 AUG 2004
3,9.80,-49.80,08/14/09Z,30,1009,TROPICAL DEPRESSION,Earl,13-16 AUG 2004
4,10.40,-52.20,08/14/15Z,30,1009,TROPICAL DEPRESSION,Earl,13-16 AUG 2004
4A,10.50,-53.50,08/14/18Z,30,1008,TROPICAL DEPRESSION,Earl,13-16 AUG 2004
5,10.80,-54.50,08/14/21Z,35,1006,TROPICAL STORM,Earl,13-16 AUG 2004
5A,11.10,-55.80,08/15/00Z,35,1006,TROPICAL STORM,Earl,13-16 AUG 2004
6,11.30,-56.80,08/15/03Z,35,1006,TROPICAL STORM,Earl,13-16 AUG 2004
6A,11.40,-57.90,08/15/06Z,35,1006,TROPICAL STORM,Earl,13-16 AUG 2004
7,11.70,-59.10,08/15/09Z,40,1005,TROPICAL STORM,Earl,13-16 AUG 2004
7A,11.80,-60.80,08/15/12Z,40,1005,TROPICAL STORM,Earl,13-16 AUG 2004
8,11.90,-62.00,08/15/15Z,40,1009,TROPICAL STORM,Earl,13-16 AUG 2004
8A,12.00,-63.00,08/15/18Z,40,1011,TROPICAL STORM,Earl,13-16 AUG 2004
9,12.30,-63.80,08/15/21Z,40,1009,TROPICAL STORM,Earl,13-16 AUG 2004
10,12.70,-65.40,08/16/03Z,40,1009,TROPICAL STORM,Earl,13-16 AUG 2004
11,13.20,-67.20,08/16/09Z,40,1009,TROPICAL STORM,Earl,13-16 AUG 2004
12,14.10,-70.40,08/16/15Z,25,1009,TROPICAL DEPRESSION,Earl,13-16 AUG 2004
1,11.20,-36.00,08/25/03Z,25,1009,TROPICAL DEPRESSION,Frances,25 AUG-09 SEP 2004
2,11.40,-37.60,08/25/09Z,30,1008,TROPICAL DEPRESSION,Frances,25 AUG-09 SEP 2004
3,11.40,-39.10,08/25/15Z,30,1008,TROPICAL DEPRESSION,Frances,25 AUG-09 SEP 2004
4,11.60,-40.50,08/25/21Z,35,1005,TROPICAL STORM,Frances,25 AUG-09 SEP 2004
5,11.80,-41.70,08/26/03Z,35,1005,TROPICAL STORM,Frances,25 AUG-09 SEP 2004
6,12.60,-43.70,08/26/09Z,50,996,TROPICAL STORM,Frances,25 AUG-09 SEP 2004
7,13.10,-45.00,08/26/15Z,60,990,TROPICAL STORM,Frances,25 AUG-09 SEP 2004
8,13.70,-46.40,08/26/21Z,70,983,HURRICANE-1,Frances,25 AUG-09 SEP 2004
9,14.00,-47.30,08/27/03Z,75,980,HURRICANE-1,Frances,25 AUG-09 SEP 2004
10,14.50,-48.40,08/27/09Z,80,975,HURRICANE-1,Frances,25 AUG-09 SEP 2004
11,15.00,-49.00,08/27/15Z,90,970,HURRICANE-2,Frances,25 AUG-09 SEP 2004
12,15.70,-49.80,08/27/21Z,100,962,HURRICANE-3,Frances,25 AUG-09 SEP 2004
13,16.30,-50.50,08/28/03Z,100,962,HURRICANE-3,Frances,25 AUG-09 SEP 2004
14,17.00,-51.30,08/28/09Z,100,962,HURRICANE-3,Frances,25 AUG-09 SEP 2004
15,17.40,-51.90,08/28/15Z,105,958,HURRICANE-3,Frances,25 AUG-09 SEP 2004
16,17.90,-52.60,08/28/21Z,115,948,HURRICANE-4,Frances,25 AUG-09 SEP 2004
17,18.30,-53.40,08/29/03Z,115,948,HURRICANE-4,Frances,25 AUG-09 SEP 2004
18,18.60,-54.10,08/29/09Z,115,948,HURRICANE-4,Frances,25 AUG-09 SEP 2004
19,18.60,-54.70,08/29/15Z,115,948,HURRICANE-4,Frances,25 AUG-09 SEP 2004
20,18.80,-55.60,08/29/21Z,115,949,HURRICANE-4,Frances,25 AUG-09 SEP 2004
20A,18.80,-55.80,08/30/00Z,110,954,HURRICANE-3,Frances,25 AUG-09 SEP 2004
21,18.90,-56.20,08/30/03Z,110,954,HURRICANE-3,Frances,25 AUG-09 SEP 2004
21A,19.00,-56.80,08/30/06Z,110,959,HURRICANE-3,Frances,25 AUG-09 SEP 2004
22,19.00,-57.30,08/30/09Z,105,958,HURRICANE-3,Frances,25 AUG-09 SEP 2004
22A,19.20,-58.10,08/30/12Z,105,956,HURRICANE-3,Frances,25 AUG-09 SEP 2004
23,19.30,-58.70,08/30/15Z,105,956,HURRICANE-3,Frances,25 AUG-09 SEP 2004
23A,19.30,-59.40,08/30/18Z,105,956,HURRICANE-3,Frances,25 AUG-09 SEP 2004
24,19.50,-60.00,08/30/21Z,110,948,HURRICANE-3,Frances,25 AUG-09 SEP 2004
24A,19.60,-60.70,08/31/00Z,115,945,HURRICANE-4,Frances,25 AUG-09 SEP 2004
25,19.70,-61.40,08/31/03Z,110,945,HURRICANE-3,Frances,25 AUG-09 SEP 2004
25A,19.80,-62.10,08/31/06Z,110,951,HURRICANE-3,Frances,25 AUG-09 SEP 2004
26,19.90,-62.80,08/31/09Z,110,949,HURRICANE-3,Frances,25 AUG-09 SEP 2004
26A,20.00,-63.40,08/31/12Z,115,949,HURRICANE-4,Frances,25 AUG-09 SEP 2004
27,20.00,-64.00,08/31/15Z,115,950,HURRICANE-4,Frances,25 AUG-09 SEP 2004
27A,20.30,-65.00,08/31/18Z,120,942,HURRICANE-4,Frances,25 AUG-09 SEP 2004
28,20.50,-65.90,08/31/21Z,120,939,HURRICANE-4,Frances,25 AUG-09 SEP 2004
28A,20.60,-66.30,09/01/00Z,120,939,HURRICANE-4,Frances,25 AUG-09 SEP 2004
29,20.80,-67.00,09/01/03Z,120,939,HURRICANE-4,Frances,25 AUG-09 SEP 2004
29A,21.00,-67.90,09/01/06Z,120,939,HURRICANE-4,Frances,25 AUG-09 SEP 2004
30,21.20,-68.50,09/01/09Z,120,935,HURRICANE-4,Frances,25 AUG-09 SEP 2004
30A,21.40,-69.10,09/01/12Z,120,937,HURRICANE-4,Frances,25 AUG-09 SEP 2004
31,21.70,-69.80,09/01/15Z,120,937,HURRICANE-4,Frances,25 AUG-09 SEP 2004
31A,21.80,-70.40,09/01/18Z,120,967,HURRICANE-4,Frances,25 AUG-09 SEP 2004
32,22.00,-71.00,09/01/21Z,120,938,HURRICANE-4,Frances,25 AUG-09 SEP 2004
32A,22.30,-71.40,09/02/00Z,125,938,HURRICANE-4,Frances,25 AUG-09 SEP 2004
33,22.60,-72.00,09/02/03Z,120,939,HURRICANE-4,Frances,25 AUG-09 SEP 2004
33A,22.70,-72.50,09/02/06Z,125,937,HURRICANE-4,Frances,25 AUG-09 SEP 2004
34,22.90,-73.00,09/02/09Z,125,936,HURRICANE-4,Frances,25 AUG-09 SEP 2004
34A,23.20,-73.50,09/02/12Z,125,939,HURRICANE-4,Frances,25 AUG-09 SEP 2004
35,23.40,-73.90,09/02/15Z,125,939,HURRICANE-4,Frances,25 AUG-09 SEP 2004
35A,23.80,-74.40,09/02/18Z,125,949,HURRICANE-4,Frances,25 AUG-09 SEP 2004
36,24.10,-74.80,09/02/21Z,120,948,HURRICANE-4,Frances,25 AUG-09 SEP 2004
36A,24.30,-75.10,09/03/00Z,120,948,HURRICANE-4,Frances,25 AUG-09 SEP 2004
37,24.50,-75.40,09/03/03Z,110,948,HURRICANE-3,Frances,25 AUG-09 SEP 2004
37A,24.70,-75.70,09/03/06Z,105,954,HURRICANE-3,Frances,25 AUG-09 SEP 2004
38,24.90,-76.00,09/03/09Z,105,954,HURRICANE-3,Frances,25 AUG-09 SEP 2004
38A,25.30,-76.40,09/03/12Z,110,957,HURRICANE-3,Frances,25 AUG-09 SEP 2004
39,25.50,-76.70,09/03/15Z,100,958,HURRICANE-3,Frances,25 AUG-09 SEP 2004
39A,26.30,-77.60,09/03/18Z,100,961,HURRICANE-3,Frances,25 AUG-09 SEP 2004
40,25.90,-77.50,09/03/21Z,100,959,HURRICANE-3,Frances,25 AUG-09 SEP 2004
40A,25.90,-77.50,09/04/00Z,90,960,HURRICANE-2,Frances,25 AUG-09 SEP 2004
41,26.10,-77.80,09/04/03Z,90,960,HURRICANE-2,Frances,25 AUG-09 SEP 2004
41A,26.40,-78.00,09/04/06Z,90,961,HURRICANE-2,Frances,25 AUG-09 SEP 2004
42,26.60,-78.10,09/04/09Z,90,960,HURRICANE-2,Frances,25 AUG-09 SEP 2004
42A,26.70,-78.40,09/04/12Z,90,960,HURRICANE-2,Frances,25 AUG-09 SEP 2004
43,26.90,-78.80,09/04/15Z,90,961,HURRICANE-2,Frances,25 AUG-09 SEP 2004
43A,26.90,-79.00,09/04/18Z,90,962,HURRICANE-2,Frances,25 AUG-09 SEP 2004
44,26.90,-79.30,09/04/21Z,90,962,HURRICANE-2,Frances,25 AUG-09 SEP 2004
44A,27.00,-79.40,09/05/00Z,90,951,HURRICANE-2,Frances,25 AUG-09 SEP 2004
45,27.10,-79.70,09/05/03Z,90,960,HURRICANE-2,Frances,25 AUG-09 SEP 2004
45A,27.20,-80.20,09/05/05Z,90,963,HURRICANE-2,Frances,25 AUG-09 SEP 2004
45B,27.20,-80.40,09/05/07Z,90,960,HURRICANE-2,Frances,25 AUG-09 SEP 2004
46,27.20,-80.50,09/05/09Z,85,963,HURRICANE-2,Frances,25 AUG-09 SEP 2004
46A,27.30,-80.70,09/05/11Z,80,963,HURRICANE-1,Frances,25 AUG-09 SEP 2004
46B,27.50,-80.90,09/05/13Z,80,975,HURRICANE-1,Frances,25 AUG-09 SEP 2004
47,27.70,-81.20,09/05/15Z,80,975,HURRICANE-1,Frances,25 AUG-09 SEP 2004
47A,27.90,-81.70,09/05/18Z,65,980,HURRICANE-1,Frances,25 AUG-09 SEP 2004
48,28.00,-82.20,09/05/21Z,60,975,TROPICAL STORM,Frances,25 AUG-09 SEP 2004
48A,28.10,-82.30,09/06/00Z,55,975,TROPICAL STORM,Frances,25 AUG-09 SEP 2004
49,28.30,-82.70,09/06/03Z,55,976,TROPICAL STORM,Frances,25 AUG-09 SEP 2004
49A,28.60,-83.30,09/06/06Z,60,981,TROPICAL STORM,Frances,25 AUG-09 SEP 2004
50,28.70,-83.50,09/06/09Z,55,981,TROPICAL STORM,Frances,25 AUG-09 SEP 2004
50A,29.10,-83.60,09/06/12Z,55,980,TROPICAL STORM,Frances,25 AUG-09 SEP 2004
51,29.50,-84.00,09/06/15Z,55,980,TROPICAL STORM,Frances,25 AUG-09 SEP 2004
51A,30.10,-84.10,09/06/18Z,55,980,TROPICAL STORM,Frances,25 AUG-09 SEP 2004
52,30.60,-84.30,09/06/21Z,40,982,TROPICAL STORM,Frances,25 AUG-09 SEP 2004
52A,31.10,-84.50,09/07/00Z,35,984,TROPICAL STORM,Frances,25 AUG-09 SEP 2004
53,31.30,-84.60,09/07/03Z,30,985,TROPICAL DEPRESSION,Frances,25 AUG-09 SEP 2004
54,32.00,-85.10,09/07/09Z,15,992,TROPICAL DEPRESSION,Frances,25 AUG-09 SEP 2004
55,32.40,-85.30,09/07/15Z,15,996,TROPICAL DEPRESSION,Frances,25 AUG-09 SEP 2004
56,33.00,-84.60,09/07/21Z,15,997,TROPICAL DEPRESSION,Frances,25 AUG-09 SEP 2004
57,33.90,-83.80,09/08/03Z,15,998,TROPICAL DEPRESSION,Frances,25 AUG-09 SEP 2004
58,34.40,-84.30,09/08/09Z,15,999,TROPICAL DEPRESSION,Frances,25 AUG-09 SEP 2004
59,36.10,-82.90,09/08/15Z,15,1000,TROPICAL DEPRESSION,Frances,25 AUG-09 SEP 2004
60,38.10,-82.00,09/08/21Z,15,1001,TROPICAL DEPRESSION,Frances,25 AUG-09 SEP 2004
61,39.30,-80.70,09/09/03Z,15,1001,TROPICAL DEPRESSION,Frances,25 AUG-09 SEP 2004
62,41.40,-79.40,09/09/09Z,15,1002,TROPICAL DEPRESSION,Frances,25 AUG-09 SEP 2004
1,31.60,-78.10,08/27/21Z,25,1014,TROPICAL DEPRESSION,Gaston,27 AUG-01 SEP 2004
1A,31.30,-77.80,08/28/00Z,25,1012,TROPICAL DEPRESSION,Gaston,27 AUG-01 SEP 2004
2,31.30,-78.00,08/28/03Z,25,1012,TROPICAL DEPRESSION,Gaston,27 AUG-01 SEP 2004
2A,31.30,-78.20,08/28/06Z,25,1012,TROPICAL DEPRESSION,Gaston,27 AUG-01 SEP 2004
3,31.20,-78.40,08/28/09Z,30,1011,TROPICAL DEPRESSION,Gaston,27 AUG-01 SEP 2004
3A,31.30,-78.30,08/28/12Z,30,1009,TROPICAL DEPRESSION,Gaston,27 AUG-01 SEP 2004
4,31.40,-78.50,08/28/15Z,35,1009,TROPICAL STORM,Gaston,27 AUG-01 SEP 2004
4A,31.30,-78.70,08/28/18Z,35,1009,TROPICAL STORM,Gaston,27 AUG-01 SEP 2004
5,31.40,-78.90,08/28/21Z,45,996,TROPICAL STORM,Gaston,27 AUG-01 SEP 2004
5A,31.50,-79.10,08/29/00Z,55,994,TROPICAL STORM,Gaston,27 AUG-01 SEP 2004
6,31.70,-79.20,08/29/03Z,55,994,TROPICAL STORM,Gaston,27 AUG-01 SEP 2004
6A,32.10,-79.40,08/29/06Z,55,992,TROPICAL STORM,Gaston,27 AUG-01 SEP 2004
7,32.50,-79.50,08/29/09Z,60,991,TROPICAL STORM,Gaston,27 AUG-01 SEP 2004
7A,32.70,-79.50,08/29/11Z,60,991,TROPICAL STORM,Gaston,27 AUG-01 SEP 2004
7B,32.90,-79.50,08/29/13Z,60,991,TROPICAL STORM,Gaston,27 AUG-01 SEP 2004
8,33.20,-79.50,08/29/15Z,50,992,TROPICAL STORM,Gaston,27 AUG-01 SEP 2004
8A,33.50,-79.60,08/29/18Z,40,998,TROPICAL STORM,Gaston,27 AUG-01 SEP 2004
9,33.90,-79.60,08/29/21Z,35,1000,TROPICAL STORM,Gaston,27 AUG-01 SEP 2004
9A,34.20,-79.40,08/30/06Z,30,998,TROPICAL DEPRESSION,Gaston,27 AUG-01 SEP 2004
14,37.70,-75.80,08/31/03Z,35,1001,TROPICAL STORM,Gaston,27 AUG-01 SEP 2004
15,38.40,-73.80,08/31/09Z,35,1001,TROPICAL STORM,Gaston,27 AUG-01 SEP 2004
16,39.50,-71.90,08/31/15Z,35,1001,TROPICAL STORM,Gaston,27 AUG-01 SEP 2004
17,40.70,-68.60,08/31/21Z,35,999,TROPICAL STORM,Gaston,27 AUG-01 SEP 2004
18,41.80,-66.00,09/01/03Z,35,999,TROPICAL STORM,Gaston,27 AUG-01 SEP 2004
19,42.40,-61.50,09/01/09Z,45,999,TROPICAL STORM,Gaston,27 AUG-01 SEP 2004
1,32.40,-71.00,08/29/21Z,35,1008,TROPICAL STORM,Hermine,29-31 AUG 2004
2,33.20,-71.30,08/30/03Z,40,1005,TROPICAL STORM,Hermine,29-31 AUG 2004
3,34.60,-71.50,08/30/09Z,45,1000,TROPICAL STORM,Hermine,29-31 AUG 2004
4,36.70,-71.50,08/30/15Z,45,1007,TROPICAL STORM,Hermine,29-31 AUG 2004
4A,37.40,-71.40,08/30/18Z,45,1007,TROPICAL STORM,Hermine,29-31 AUG 2004
5,38.40,-71.30,08/30/21Z,45,1008,TROPICAL STORM,Hermine,29-31 AUG 2004
5A,39.90,-71.30,08/31/00Z,35,1010,TROPICAL STORM,Hermine,29-31 AUG 2004
6,41.10,-71.10,08/31/03Z,35,1010,TROPICAL STORM,Hermine,29-31 AUG 2004
6A,41.50,-70.90,08/31/06Z,35,1010,TROPICAL STORM,Hermine,29-31 AUG 2004
7,42.40,-69.90,08/31/09Z,25,1013,TROPICAL DEPRESSION,Hermine,29-31 AUG 2004
1,9.70,-29.10,09/02/21Z,25,1009,TROPICAL DEPRESSION,Ivan,02-24 SEP 2004
2,9.80,-29.40,09/03/03Z,25,1009,TROPICAL DEPRESSION,Ivan,02-24 SEP 2004
3,10.00,-30.70,09/03/09Z,35,1005,TROPICAL STORM,Ivan,02-24 SEP 2004
4,9.60,-32.90,09/03/15Z,40,1003,TROPICAL STORM,Ivan,02-24 SEP 2004
5,8.90,-34.60,09/03/21Z,45,1000,TROPICAL STORM,Ivan,02-24 SEP 2004
6,9.10,-35.80,09/04/03Z,45,999,TROPICAL STORM,Ivan,02-24 SEP 2004
7,9.00,-37.40,09/04/09Z,50,997,TROPICAL STORM,Ivan,02-24 SEP 2004
8,8.90,-38.90,09/04/15Z,50,997,TROPICAL STORM,Ivan,02-24 SEP 2004
9,9.10,-40.80,09/04/21Z,50,994,TROPICAL STORM,Ivan,02-24 SEP 2004
10,9.40,-42.20,09/05/03Z,60,991,TROPICAL STORM,Ivan,02-24 SEP 2004
11,9.70,-44.30,09/05/09Z,65,987,HURRICANE-1,Ivan,02-24 SEP 2004
12,9.90,-46.00,09/05/15Z,75,980,HURRICANE-1,Ivan,02-24 SEP 2004
13,10.10,-46.60,09/05/17Z,100,960,HURRICANE-3,Ivan,02-24 SEP 2004
14,10.40,-47.70,09/05/21Z,110,950,HURRICANE-3,Ivan,02-24 SEP 2004
14A,10.60,-48.50,09/06/00Z,115,948,HURRICANE-4,Ivan,02-24 SEP 2004
15,10.80,-49.40,09/06/03Z,115,948,HURRICANE-4,Ivan,02-24 SEP 2004
15A,10.70,-50.60,09/06/06Z,115,948,HURRICANE-4,Ivan,02-24 SEP 2004
16,10.80,-51.60,09/06/09Z,110,951,HURRICANE-3,Ivan,02-24 SEP 2004
16A,11.10,-52.60,09/06/12Z,110,951,HURRICANE-3,Ivan,02-24 SEP 2004
17,11.20,-53.40,09/06/15Z,110,955,HURRICANE-3,Ivan,02-24 SEP 2004
17A,11.40,-54.40,09/06/18Z,100,969,HURRICANE-3,Ivan,02-24 SEP 2004
18,11.60,-55.30,09/06/21Z,90,968,HURRICANE-2,Ivan,02-24 SEP 2004
18A,11.30,-56.30,09/07/00Z,90,964,HURRICANE-2,Ivan,02-24 SEP 2004
19,11.20,-57.20,09/07/03Z,90,963,HURRICANE-2,Ivan,02-24 SEP 2004
19A,11.30,-57.80,09/07/06Z,90,963,HURRICANE-2,Ivan,02-24 SEP 2004
20,11.40,-58.50,09/07/09Z,95,965,HURRICANE-2,Ivan,02-24 SEP 2004
20A,11.60,-59.40,09/07/12Z,100,963,HURRICANE-3,Ivan,02-24 SEP 2004
21,11.80,-60.20,09/07/15Z,100,963,HURRICANE-3,Ivan,02-24 SEP 2004
21A,11.90,-61.20,09/07/18Z,105,957,HURRICANE-3,Ivan,02-24 SEP 2004
22,12.00,-62.00,09/07/21Z,105,956,HURRICANE-3,Ivan,02-24 SEP 2004
22A,12.00,-62.60,09/08/00Z,115,950,HURRICANE-4,Ivan,02-24 SEP 2004
23,12.10,-63.30,09/08/03Z,115,950,HURRICANE-4,Ivan,02-24 SEP 2004
23A,12.30,-64.10,09/08/06Z,115,946,HURRICANE-4,Ivan,02-24 SEP 2004
24,12.40,-64.80,09/08/09Z,120,946,HURRICANE-4,Ivan,02-24 SEP 2004
24A,12.50,-65.50,09/08/12Z,120,955,HURRICANE-4,Ivan,02-24 SEP 2004
25,12.70,-66.20,09/08/15Z,120,955,HURRICANE-4,Ivan,02-24 SEP 2004
25A,13.10,-67.00,09/08/18Z,120,949,HURRICANE-4,Ivan,02-24 SEP 2004
26,13.40,-67.70,09/08/21Z,120,947,HURRICANE-4,Ivan,02-24 SEP 2004
26A,13.40,-68.40,09/09/00Z,125,938,HURRICANE-4,Ivan,02-24 SEP 2004
27,13.60,-69.10,09/09/03Z,125,938,HURRICANE-4,Ivan,02-24 SEP 2004
27A,13.70,-69.50,09/09/06Z,140,925,HURRICANE-5,Ivan,02-24 SEP 2004
28,13.90,-70.00,09/09/09Z,140,921,HURRICANE-5,Ivan,02-24 SEP 2004
28A,14.20,-70.70,09/09/12Z,140,919,HURRICANE-5,Ivan,02-24 SEP 2004
29,14.50,-71.40,09/09/15Z,140,920,HURRICANE-5,Ivan,02-24 SEP 2004
29A,14.80,-72.00,09/09/18Z,140,923,HURRICANE-5,Ivan,02-24 SEP 2004
30,15.00,-72.50,09/09/21Z,130,921,HURRICANE-4,Ivan,02-24 SEP 2004
30A,15.20,-72.80,09/10/00Z,130,923,HURRICANE-4,Ivan,02-24 SEP 2004
31,15.50,-73.30,09/10/03Z,130,923,HURRICANE-4,Ivan,02-24 SEP 2004
31A,15.70,-73.80,09/10/06Z,125,930,HURRICANE-4,Ivan,02-24 SEP 2004
32,15.90,-74.20,09/10/09Z,125,930,HURRICANE-4,Ivan,02-24 SEP 2004
32A,16.30,-74.70,09/10/12Z,125,934,HURRICANE-4,Ivan,02-24 SEP 2004
33,16.50,-75.10,09/10/15Z,125,934,HURRICANE-4,Ivan,02-24 SEP 2004
33A,16.80,-75.80,09/10/18Z,125,939,HURRICANE-4,Ivan,02-24 SEP 2004
34,17.00,-76.20,09/10/21Z,120,937,HURRICANE-4,Ivan,02-24 SEP 2004
34A,17.30,-76.50,09/11/00Z,130,926,HURRICANE-4,Ivan,02-24 SEP 2004
35,17.50,-76.90,09/11/03Z,135,920,HURRICANE-4,Ivan,02-24 SEP 2004
35A,17.40,-77.30,09/11/06Z,135,920,HURRICANE-4,Ivan,02-24 SEP 2004
36,17.50,-78.00,09/11/09Z,130,923,HURRICANE-4,Ivan,02-24 SEP 2004
36A,17.70,-78.40,09/11/12Z,130,923,HURRICANE-4,Ivan,02-24 SEP 2004
37,17.90,-78.70,09/11/15Z,125,925,HURRICANE-4,Ivan,02-24 SEP 2004
37A,18.00,-79.00,09/11/18Z,125,921,HURRICANE-4,Ivan,02-24 SEP 2004
38,18.20,-79.30,09/11/21Z,145,914,HURRICANE-5,Ivan,02-24 SEP 2004
38A,18.20,-79.70,09/12/00Z,145,912,HURRICANE-5,Ivan,02-24 SEP 2004
39,18.30,-80.00,09/12/03Z,145,910,HURRICANE-5,Ivan,02-24 SEP 2004
39A,18.40,-80.40,09/12/06Z,145,910,HURRICANE-5,Ivan,02-24 SEP 2004
40,18.60,-80.80,09/12/09Z,135,918,HURRICANE-4,Ivan,02-24 SEP 2004
40A,18.80,-81.20,09/12/12Z,135,919,HURRICANE-4,Ivan,02-24 SEP 2004
41,19.00,-81.50,09/12/15Z,135,919,HURRICANE-4,Ivan,02-24 SEP 2004
41A,19.20,-82.10,09/12/18Z,130,922,HURRICANE-4,Ivan,02-24 SEP 2004
42,19.30,-82.50,09/12/21Z,130,916,HURRICANE-4,Ivan,02-24 SEP 2004
42A,19.50,-82.80,09/13/00Z,130,915,HURRICANE-4,Ivan,02-24 SEP 2004
43,19.70,-83.20,09/13/03Z,140,917,HURRICANE-5,Ivan,02-24 SEP 2004
43A,19.90,-83.50,09/13/06Z,140,920,HURRICANE-5,Ivan,02-24 SEP 2004
44,20.20,-83.90,09/13/09Z,140,920,HURRICANE-5,Ivan,02-24 SEP 2004
44A,20.40,-84.10,09/13/12Z,140,919,HURRICANE-5,Ivan,02-24 SEP 2004
45,20.60,-84.40,09/13/15Z,140,915,HURRICANE-5,Ivan,02-24 SEP 2004
45A,20.90,-84.70,09/13/18Z,140,914,HURRICANE-5,Ivan,02-24 SEP 2004
46,21.30,-84.90,09/13/21Z,140,912,HURRICANE-5,Ivan,02-24 SEP 2004
46A,21.60,-85.10,09/14/00Z,140,914,HURRICANE-5,Ivan,02-24 SEP 2004
47,22.00,-85.40,09/14/03Z,140,914,HURRICANE-5,Ivan,02-24 SEP 2004
47A,22.40,-85.60,09/14/06Z,140,922,HURRICANE-5,Ivan,02-24 SEP 2004
48,22.60,-86.00,09/14/09Z,140,924,HURRICANE-5,Ivan,02-24 SEP 2004
48A,23.10,-86.10,09/14/12Z,135,925,HURRICANE-4,Ivan,02-24 SEP 2004
49,23.40,-86.20,09/14/15Z,120,932,HURRICANE-4,Ivan,02-24 SEP 2004
49A,23.70,-86.50,09/14/18Z,120,931,HURRICANE-4,Ivan,02-24 SEP 2004
50,24.20,-86.60,09/14/21Z,120,929,HURRICANE-4,Ivan,02-24 SEP 2004
50A,24.70,-87.00,09/15/00Z,120,929,HURRICANE-4,Ivan,02-24 SEP 2004
51,25.10,-87.20,09/15/03Z,120,932,HURRICANE-4,Ivan,02-24 SEP 2004
51A,25.60,-87.40,09/15/06Z,120,934,HURRICANE-4,Ivan,02-24 SEP 2004
52,26.10,-87.80,09/15/09Z,120,938,HURRICANE-4,Ivan,02-24 SEP 2004
52A,26.70,-87.90,09/15/12Z,120,939,HURRICANE-4,Ivan,02-24 SEP 2004
53,27.30,-88.00,09/15/15Z,115,939,HURRICANE-4,Ivan,02-24 SEP 2004
53A,27.80,-88.20,09/15/18Z,115,939,HURRICANE-4,Ivan,02-24 SEP 2004
54,28.40,-88.30,09/15/21Z,115,933,HURRICANE-4,Ivan,02-24 SEP 2004
54A,28.80,-88.20,09/15/23Z,115,931,HURRICANE-4,Ivan,02-24 SEP 2004
54B,29.00,-88.20,09/16/01Z,115,931,HURRICANE-4,Ivan,02-24 SEP 2004
55,29.30,-88.10,09/16/03Z,115,933,HURRICANE-4,Ivan,02-24 SEP 2004
55A,29.70,-87.90,01/16/03Z,115,936,HURRICANE-4,Ivan,02-24 SEP 2004
55B,30.20,-87.80,09/16/07Z,115,943,HURRICANE-4,Ivan,02-24 SEP 2004
56,30.90,-87.70,09/16/09Z,100,947,HURRICANE-3,Ivan,02-24 SEP 2004
56A,31.60,-87.70,09/16/12Z,70,965,HURRICANE-1,Ivan,02-24 SEP 2004
57,32.00,-87.50,09/16/15Z,65,970,HURRICANE-1,Ivan,02-24 SEP 2004
57A,32.60,-87.10,09/16/18Z,60,975,TROPICAL STORM,Ivan,02-24 SEP 2004
58,33.10,-87.00,09/16/21Z,50,980,TROPICAL STORM,Ivan,02-24 SEP 2004
59,34.30,-86.20,09/17/03Z,30,986,TROPICAL DEPRESSION,Ivan,02-24 SEP 2004
60,34.90,-84.90,09/17/09Z,15,994,TROPICAL DEPRESSION,Ivan,02-24 SEP 2004
61,35.80,-83.10,09/17/15Z,15,998,TROPICAL DEPRESSION,Ivan,02-24 SEP 2004
62,36.50,-81.50,09/17/21Z,15,999,TROPICAL DEPRESSION,Ivan,02-24 SEP 2004
63,37.50,-79.40,09/18/03Z,15,1000,TROPICAL DEPRESSION,Ivan,02-24 SEP 2004
64,37.90,-77.50,09/18/09Z,15,998,TROPICAL DEPRESSION,Ivan,02-24 SEP 2004
65,38.90,-75.80,09/18/15Z,10,1000,TROPICAL DEPRESSION,Ivan,02-24 SEP 2004
66,37.20,-75.20,09/18/21Z,10,1002,TROPICAL DEPRESSION,Ivan,02-24 SEP 2004
67,26.90,-89.30,09/22/23Z,30,1008,TROPICAL DEPRESSION,Ivan,02-24 SEP 2004
68,27.40,-90.00,09/23/03Z,35,1007,TROPICAL STORM,Ivan,02-24 SEP 2004
68A,27.70,-90.80,09/23/06Z,35,1007,TROPICAL STORM,Ivan,02-24 SEP 2004
69,28.20,-91.60,09/23/09Z,35,1007,TROPICAL STORM,Ivan,02-24 SEP 2004
69A,28.90,-92.10,09/23/12Z,40,1007,TROPICAL STORM,Ivan,02-24 SEP 2004
70,29.20,-92.70,09/23/15Z,50,999,TROPICAL STORM,Ivan,02-24 SEP 2004
70A,29.30,-92.80,09/23/18Z,45,1003,TROPICAL STORM,Ivan,02-24 SEP 2004
71,29.40,-93.00,09/23/21Z,40,1003,TROPICAL STORM,Ivan,02-24 SEP 2004
71A,29.70,-93.30,09/24/00Z,40,1003,TROPICAL STORM,Ivan,02-24 SEP 2004
72,29.80,-93.50,09/24/03Z,30,1002,TROPICAL DEPRESSION,Ivan,02-24 SEP 2004
73,30.20,-94.40,09/24/09Z,25,1009,TROPICAL DEPRESSION,Ivan,02-24 SEP 2004
74,30.90,-95.00,09/24/15Z,20,1013,TROPICAL DEPRESSION,Ivan,02-24 SEP 2004
1,35.80,-34.10,09/09/09Z,30,1013,TROPICAL DEPRESSION,Tropical Depression 10,09 SEP 2004
2,36.60,-33.30,09/09/15Z,30,1013,TROPICAL DEPRESSION,Tropical Depression 10,09 SEP 2004
3,35.80,-33.30,09/09/21Z,25,1014,TROPICAL DEPRESSION,Tropical Depression 10,09 SEP 2004
1,16.00,-60.40,09/13/21Z,25,010,TROPICAL DEPRESSION,Jeanne,13-28 SEP 2004
1A,16.00,-60.80,09/14/00Z,25,010,TROPICAL DEPRESSION,Jeanne,13-28 SEP 2004
2,16.20,-61.20,09/14/03Z,25,010,TROPICAL DEPRESSION,Jeanne,13-28 SEP 2004
2A,16.30,-61.80,09/14/06Z,25,010,TROPICAL DEPRESSION,Jeanne,13-28 SEP 2004
3,16.60,-62.20,09/14/09Z,30,009,TROPICAL DEPRESSION,Jeanne,13-28 SEP 2004
3A,16.60,-62.50,09/14/12Z,30,009,TROPICAL DEPRESSION,Jeanne,13-28 SEP 2004
4,16.60,-63.10,09/14/15Z,35,006,TROPICAL STORM,Jeanne,13-28 SEP 2004
4A,16.70,-63.50,09/14/18Z,45,002,TROPICAL STORM,Jeanne,13-28 SEP 2004
5,16.80,-63.90,09/14/21Z,50,998,TROPICAL STORM,Jeanne,13-28 SEP 2004
5A,17.00,-64.10,09/15/00Z,50,998,TROPICAL STORM,Jeanne,13-28 SEP 2004
6,17.20,-64.50,09/15/03Z,50,996,TROPICAL STORM,Jeanne,13-28 SEP 2004
6A,17.20,-64.80,09/15/06Z,50,996,TROPICAL STORM,Jeanne,13-28 SEP 2004
7,17.50,-65.10,09/15/09Z,55,994,TROPICAL STORM,Jeanne,13-28 SEP 2004
7A,17.60,-65.40,09/15/12Z,60,991,TROPICAL STORM,Jeanne,13-28 SEP 2004
8,17.80,-65.80,09/15/15Z,60,991,TROPICAL STORM,Jeanne,13-28 SEP 2004
8A,18.10,-66.10,09/15/18Z,60,991,TROPICAL STORM,Jeanne,13-28 SEP 2004
9,18.40,-66.50,09/15/21Z,60,991,TROPICAL STORM,Jeanne,13-28 SEP 2004
9A,18.50,-67.00,09/16/00Z,55,993,TROPICAL STORM,Jeanne,13-28 SEP 2004
10,18.50,-67.30,09/16/03Z,55,993,TROPICAL STORM,Jeanne,13-28 SEP 2004
10A,18.60,-67.80,09/16/06Z,60,993,TROPICAL STORM,Jeanne,13-28 SEP 2004
11,18.80,-68.10,09/16/09Z,60,992,TROPICAL STORM,Jeanne,13-28 SEP 2004
11A,18.70,-68.40,09/16/12Z,70,985,HURRICANE-1,Jeanne,13-28 SEP 2004
12,18.80,-68.70,09/16/15Z,70,986,HURRICANE-1,Jeanne,13-28 SEP 2004
12A,18.80,-69.00,09/16/18Z,65,989,HURRICANE-1,Jeanne,13-28 SEP 2004
13,19.00,-69.30,09/16/21Z,60,990,TROPICAL STORM,Jeanne,13-28 SEP 2004
13A,19.20,-69.40,09/17/00Z,60,990,TROPICAL STORM,Jeanne,13-28 SEP 2004
14,19.40,-69.70,09/17/03Z,60,990,TROPICAL STORM,Jeanne,13-28 SEP 2004
14A,19.40,-69.90,09/17/06Z,60,990,TROPICAL STORM,Jeanne,13-28 SEP 2004
15,19.50,-70.10,09/17/09Z,55,992,TROPICAL STORM,Jeanne,13-28 SEP 2004
15A,19.80,-70.90,09/17/12Z,55,992,TROPICAL STORM,Jeanne,13-28 SEP 2004
16,19.50,-71.20,09/17/15Z,55,990,TROPICAL STORM,Jeanne,13-28 SEP 2004
16A,20.10,-71.60,09/17/18Z,45,002,TROPICAL STORM,Jeanne,13-28 SEP 2004
17,20.20,-71.80,09/17/21Z,30,002,TROPICAL DEPRESSION,Jeanne,13-28 SEP 2004
17A,20.10,-71.80,09/18/00Z,30,000,TROPICAL DEPRESSION,Jeanne,13-28 SEP 2004
18,20.40,-72.20,09/18/03Z,40,000,TROPICAL STORM,Jeanne,13-28 SEP 2004
18A,20.40,-72.40,09/18/06Z,40,000,TROPICAL STORM,Jeanne,13-28 SEP 2004
19,20.70,-72.60,09/18/09Z,40,999,TROPICAL STORM,Jeanne,13-28 SEP 2004
19A,21.20,-72.80,09/18/12Z,40,000,TROPICAL STORM,Jeanne,13-28 SEP 2004
20,21.40,-73.00,09/18/15Z,45,000,TROPICAL STORM,Jeanne,13-28 SEP 2004
20A,21.00,-74.00,09/18/18Z,45,003,TROPICAL STORM,Jeanne,13-28 SEP 2004
21,22.00,-72.30,09/18/21Z,40,005,TROPICAL STORM,Jeanne,13-28 SEP 2004
21A,22.20,-72.30,09/19/00Z,40,002,TROPICAL STORM,Jeanne,13-28 SEP 2004
22,22.40,-72.30,09/19/03Z,40,002,TROPICAL STORM,Jeanne,13-28 SEP 2004
22A,22.60,-72.30,09/19/06Z,40,002,TROPICAL STORM,Jeanne,13-28 SEP 2004
23,23.20,-72.50,09/19/09Z,40,001,TROPICAL STORM,Jeanne,13-28 SEP 2004
24,23.50,-72.50,09/19/15Z,40,000,TROPICAL STORM,Jeanne,13-28 SEP 2004
25,24.50,-72.30,09/19/21Z,45,996,TROPICAL STORM,Jeanne,13-28 SEP 2004
26,25.20,-72.00,09/20/03Z,50,994,TROPICAL STORM,Jeanne,13-28 SEP 2004
27,26.00,-71.90,09/20/09Z,50,992,TROPICAL STORM,Jeanne,13-28 SEP 2004
28,26.80,-71.50,09/20/15Z,55,990,TROPICAL STORM,Jeanne,13-28 SEP 2004
29,27.40,-71.20,09/20/21Z,75,983,HURRICANE-1,Jeanne,13-28 SEP 2004
30,27.40,-70.60,09/21/03Z,75,982,HURRICANE-1,Jeanne,13-28 SEP 2004
31,27.60,-70.00,09/21/09Z,80,972,HURRICANE-1,Jeanne,13-28 SEP 2004
32,27.50,-69.30,09/21/15Z,80,972,HURRICANE-1,Jeanne,13-28 SEP 2004
33,27.30,-68.80,09/21/21Z,80,972,HURRICANE-1,Jeanne,13-28 SEP 2004
34,27.00,-68.70,09/22/03Z,80,972,HURRICANE-1,Jeanne,13-28 SEP 2004
35,26.60,-68.60,09/22/09Z,80,968,HURRICANE-1,Jeanne,13-28 SEP 2004
36,26.30,-68.50,09/22/15Z,85,968,HURRICANE-2,Jeanne,13-28 SEP 2004
37,26.10,-69.00,09/22/21Z,85,967,HURRICANE-2,Jeanne,13-28 SEP 2004
38,25.60,-69.30,09/23/03Z,85,966,HURRICANE-2,Jeanne,13-28 SEP 2004
39,25.50,-69.50,09/23/09Z,85,966,HURRICANE-2,Jeanne,13-28 SEP 2004
39A,25.60,-69.50,09/23/12Z,85,966,HURRICANE-2,Jeanne,13-28 SEP 2004
40,25.60,-69.70,09/23/15Z,90,966,HURRICANE-2,Jeanne,13-28 SEP 2004
40A,25.80,-70.00,09/23/18Z,90,966,HURRICANE-2,Jeanne,13-28 SEP 2004
41,25.90,-70.30,09/23/21Z,90,966,HURRICANE-2,Jeanne,13-28 SEP 2004
41A,26.00,-70.40,09/24/00Z,90,966,HURRICANE-2,Jeanne,13-28 SEP 2004
42,26.10,-70.80,09/24/03Z,90,966,HURRICANE-2,Jeanne,13-28 SEP 2004
42A,26.10,-71.20,09/24/06Z,85,969,HURRICANE-2,Jeanne,13-28 SEP 2004
43,26.10,-71.60,09/24/09Z,85,969,HURRICANE-2,Jeanne,13-28 SEP 2004
43A,26.10,-72.00,09/24/12Z,85,969,HURRICANE-2,Jeanne,13-28 SEP 2004
44,26.20,-72.40,09/24/15Z,85,969,HURRICANE-2,Jeanne,13-28 SEP 2004
44A,26.30,-72.90,09/24/18Z,85,969,HURRICANE-2,Jeanne,13-28 SEP 2004
45,26.40,-73.50,09/24/21Z,85,965,HURRICANE-2,Jeanne,13-28 SEP 2004
45A,26.50,-74.30,09/25/00Z,85,964,HURRICANE-2,Jeanne,13-28 SEP 2004
46,26.50,-74.90,09/25/03Z,85,964,HURRICANE-2,Jeanne,13-28 SEP 2004
46A,26.50,-75.60,09/25/06Z,90,962,HURRICANE-2,Jeanne,13-28 SEP 2004
47,26.50,-76.20,09/25/09Z,90,958,HURRICANE-2,Jeanne,13-28 SEP 2004
47A,26.50,-77.00,09/25/12Z,90,957,HURRICANE-2,Jeanne,13-28 SEP 2004
48,26.60,-77.60,09/25/15Z,100,955,HURRICANE-3,Jeanne,13-28 SEP 2004
48A,26.80,-77.90,09/25/17Z,110,955,HURRICANE-3,Jeanne,13-28 SEP 2004
48B,27.00,-78.40,09/25/19Z,110,953,HURRICANE-3,Jeanne,13-28 SEP 2004
49,27.10,-78.80,09/25/21Z,100,950,HURRICANE-3,Jeanne,13-28 SEP 2004
49A,27.10,-79.10,09/25/23Z,100,951,HURRICANE-3,Jeanne,13-28 SEP 2004
49B,27.20,-79.50,09/26/01Z,100,951,HURRICANE-3,Jeanne,13-28 SEP 2004
50,27.20,-80.00,09/26/03Z,100,953,HURRICANE-3,Jeanne,13-28 SEP 2004
50A,27.20,-80.40,09/26/05Z,105,953,HURRICANE-3,Jeanne,13-28 SEP 2004
50B,27.40,-80.70,09/26/07Z,100,954,HURRICANE-3,Jeanne,13-28 SEP 2004
51,27.40,-81.10,09/26/09Z,95,955,HURRICANE-2,Jeanne,13-28 SEP 2004
51A,27.70,-81.40,09/26/11Z,85,960,HURRICANE-2,Jeanne,13-28 SEP 2004
51B,27.70,-81.80,09/26/13Z,75,970,HURRICANE-1,Jeanne,13-28 SEP 2004
52,27.90,-82.00,09/26/15Z,65,970,HURRICANE-1,Jeanne,13-28 SEP 2004
52A,28.30,-82.20,09/26/18Z,60,972,TROPICAL STORM,Jeanne,13-28 SEP 2004
53,28.80,-82.60,09/26/21Z,55,973,TROPICAL STORM,Jeanne,13-28 SEP 2004
53A,29.40,-82.70,09/27/00Z,45,978,TROPICAL STORM,Jeanne,13-28 SEP 2004
54,29.90,-82.80,09/27/03Z,45,978,TROPICAL STORM,Jeanne,13-28 SEP 2004
54A,30.10,-83.30,09/27/06Z,45,981,TROPICAL STORM,Jeanne,13-28 SEP 2004
55,30.50,-83.60,09/27/09Z,45,982,TROPICAL STORM,Jeanne,13-28 SEP 2004
55A,31.00,-83.80,09/27/12Z,40,985,TROPICAL STORM,Jeanne,13-28 SEP 2004
56,31.60,-83.90,09/27/15Z,35,988,TROPICAL STORM,Jeanne,13-28 SEP 2004
56A,32.20,-83.70,09/27/18Z,30,990,TROPICAL DEPRESSION,Jeanne,13-28 SEP 2004
57,32.80,-83.40,09/27/21Z,30,992,TROPICAL DEPRESSION,Jeanne,13-28 SEP 2004
58,33.40,-82.90,09/28/03Z,15,999,TROPICAL DEPRESSION,Jeanne,13-28 SEP 2004
59,34.70,-81.80,09/28/09Z,15,999,TROPICAL DEPRESSION,Jeanne,13-28 SEP 2004
1,11.40,-32.80,09/16/21Z,30,007,TROPICAL DEPRESSION,Karl,16-24 SEP 2004
2,11.40,-33.90,09/17/03Z,35,005,TROPICAL STORM,Karl,16-24 SEP 2004
3,11.50,-35.30,09/17/09Z,55,994,TROPICAL STORM,Karl,16-24 SEP 2004
4,12.30,-35.50,09/17/15Z,55,994,TROPICAL STORM,Karl,16-24 SEP 2004
5,13.40,-36.40,09/17/21Z,55,994,TROPICAL STORM,Karl,16-24 SEP 2004
6,14.20,-37.40,09/18/03Z,60,990,TROPICAL STORM,Karl,16-24 SEP 2004
7,14.90,-38.60,09/18/09Z,75,981,HURRICANE-1,Karl,16-24 SEP 2004
8,15.20,-39.30,09/18/15Z,90,970,HURRICANE-2,Karl,16-24 SEP 2004
9,15.90,-40.20,09/18/21Z,95,965,HURRICANE-2,Karl,16-24 SEP 2004
10,16.20,-41.30,09/19/03Z,100,960,HURRICANE-3,Karl,16-24 SEP 2004
11,16.30,-42.20,09/19/09Z,100,960,HURRICANE-3,Karl,16-24 SEP 2004
12,16.40,-42.90,09/19/15Z,110,955,HURRICANE-3,Karl,16-24 SEP 2004
13,17.00,-44.00,09/19/21Z,115,944,HURRICANE-4,Karl,16-24 SEP 2004
14,17.20,-45.10,09/20/03Z,115,944,HURRICANE-4,Karl,16-24 SEP 2004
15,17.30,-45.50,09/20/09Z,110,950,HURRICANE-3,Karl,16-24 SEP 2004
16,17.90,-46.30,09/20/15Z,105,955,HURRICANE-3,Karl,16-24 SEP 2004
17,18.60,-47.10,09/20/21Z,105,955,HURRICANE-3,Karl,16-24 SEP 2004
18,19.10,-47.40,09/21/03Z,120,938,HURRICANE-4,Karl,16-24 SEP 2004
19,20.10,-47.50,09/21/09Z,120,940,HURRICANE-4,Karl,16-24 SEP 2004
20,21.40,-48.00,09/21/15Z,110,944,HURRICANE-3,Karl,16-24 SEP 2004
21,22.90,-48.60,09/21/21Z,105,948,HURRICANE-3,Karl,16-24 SEP 2004
22,24.50,-48.90,09/22/03Z,105,948,HURRICANE-3,Karl,16-24 SEP 2004
23,25.70,-49.50,09/22/09Z,100,955,HURRICANE-3,Karl,16-24 SEP 2004
24,26.90,-49.00,09/22/15Z,90,970,HURRICANE-2,Karl,16-24 SEP 2004
25,28.20,-48.30,09/22/21Z,90,970,HURRICANE-2,Karl,16-24 SEP 2004
26,30.00,-47.30,09/23/03Z,95,965,HURRICANE-2,Karl,16-24 SEP 2004
27,31.70,-45.80,09/23/09Z,110,948,HURRICANE-3,Karl,16-24 SEP 2004
28,33.80,-43.80,09/23/15Z,105,955,HURRICANE-3,Karl,16-24 SEP 2004
29,35.70,-43.30,09/23/21Z,90,965,HURRICANE-2,Karl,16-24 SEP 2004
30,38.70,-41.50,09/24/03Z,80,963,HURRICANE-1,Karl,16-24 SEP 2004
31,40.80,-41.00,09/24/09Z,75,965,HURRICANE-1,Karl,16-24 SEP 2004
32,44.40,-40.20,09/24/15Z,70,970,HURRICANE-1,Karl,16-24 SEP 2004
33,47.30,-40.40,09/24/21Z,65,973,HURRICANE-1,Karl,16-24 SEP 2004
1,13.30,-33.20,09/19/21Z,30,1004,TROPICAL DEPRESSION,Lisa,19 SEP-03 OCT 2004
2,13.20,-34.10,09/20/03Z,30,1004,TROPICAL DEPRESSION,Lisa,19 SEP-03 OCT 2004
3,13.50,-34.90,09/20/09Z,30,1005,TROPICAL DEPRESSION,Lisa,19 SEP-03 OCT 2004
4,13.50,-35.40,09/20/12Z,45,1000,TROPICAL STORM,Lisa,19 SEP-03 OCT 2004
5,13.60,-35.90,09/20/15Z,50,998,TROPICAL STORM,Lisa,19 SEP-03 OCT 2004
1,13.30,-33.20,09/19/21Z,30,1004,TROPICAL DEPRESSION,Lisa,19 SEP-03 OCT 2004
2,13.20,-34.10,09/20/03Z,30,1004,TROPICAL DEPRESSION,Lisa,19 SEP-03 OCT 2004
3,13.50,-34.90,09/20/09Z,30,1005,TROPICAL DEPRESSION,Lisa,19 SEP-03 OCT 2004
1,13.30,-33.20,09/19/21Z,30,1004,TROPICAL DEPRESSION,Lisa,19 SEP-03 OCT 2004
2,13.20,-34.10,09/20/03Z,30,1004,TROPICAL DEPRESSION,Lisa,19 SEP-03 OCT 2004
3,13.50,-34.90,09/20/09Z,30,1005,TROPICAL DEPRESSION,Lisa,19 SEP-03 OCT 2004
4,13.50,-35.40,09/20/12Z,45,1000,TROPICAL STORM,Lisa,19 SEP-03 OCT 2004
5,13.60,-35.90,09/20/15Z,50,998,TROPICAL STORM,Lisa,19 SEP-03 OCT 2004
6,13.80,-36.80,09/20/21Z,55,994,TROPICAL STORM,Lisa,19 SEP-03 OCT 2004
7,13.80,-37.90,09/21/03Z,50,998,TROPICAL STORM,Lisa,19 SEP-03 OCT 2004
8,14.00,-38.90,09/21/09Z,50,998,TROPICAL STORM,Lisa,19 SEP-03 OCT 2004
9,14.20,-39.70,09/21/15Z,60,990,TROPICAL STORM,Lisa,19 SEP-03 OCT 2004
10,14.40,-40.30,09/21/21Z,60,990,TROPICAL STORM,Lisa,19 SEP-03 OCT 2004
11,14.40,-40.50,09/22/03Z,60,990,TROPICAL STORM,Lisa,19 SEP-03 OCT 2004
12,14.50,-41.20,09/22/09Z,55,994,TROPICAL STORM,Lisa,19 SEP-03 OCT 2004
13,13.90,-41.30,09/22/15Z,45,1000,TROPICAL STORM,Lisa,19 SEP-03 OCT 2004
14,13.70,-41.90,09/22/21Z,45,997,TROPICAL STORM,Lisa,19 SEP-03 OCT 2004
15,13.20,-41.20,09/23/03Z,45,1000,TROPICAL STORM,Lisa,19 SEP-03 OCT 2004
16,13.20,-41.40,09/23/09Z,45,1000,TROPICAL STORM,Lisa,19 SEP-03 OCT 2004
17,12.10,-41.70,09/23/15Z,40,1000,TROPICAL STORM,Lisa,19 SEP-03 OCT 2004
18,14.30,-40.70,09/23/21Z,30,1003,TROPICAL DEPRESSION,Lisa,19 SEP-03 OCT 2004
19,14.70,-42.00,09/24/03Z,30,1003,TROPICAL DEPRESSION,Lisa,19 SEP-03 OCT 2004
20,14.60,-43.50,09/24/09Z,30,1003,TROPICAL DEPRESSION,Lisa,19 SEP-03 OCT 2004
21,14.10,-43.30,09/24/15Z,30,1002,TROPICAL DEPRESSION,Lisa,19 SEP-03 OCT 2004
22,14.40,-44.40,09/24/21Z,30,1002,TROPICAL DEPRESSION,Lisa,19 SEP-03 OCT 2004
23,14.30,-44.70,09/25/03Z,30,1002,TROPICAL DEPRESSION,Lisa,19 SEP-03 OCT 2004
24,15.20,-45.20,09/25/09Z,35,1002,TROPICAL STORM,Lisa,19 SEP-03 OCT 2004
25,15.90,-45.60,09/25/15Z,35,1002,TROPICAL STORM,Lisa,19 SEP-03 OCT 2004
26,17.20,-45.80,09/25/21Z,35,1002,TROPICAL STORM,Lisa,19 SEP-03 OCT 2004
27,18.00,-46.20,09/26/03Z,45,1001,TROPICAL STORM,Lisa,19 SEP-03 OCT 2004
28,18.40,-46.00,09/26/09Z,45,1001,TROPICAL STORM,Lisa,19 SEP-03 OCT 2004
29,19.00,-46.10,09/26/15Z,50,997,TROPICAL STORM,Lisa,19 SEP-03 OCT 2004
30,19.70,-46.10,09/26/21Z,45,1000,TROPICAL STORM,Lisa,19 SEP-03 OCT 2004
31,19.70,-46.10,09/27/03Z,45,1000,TROPICAL STORM,Lisa,19 SEP-03 OCT 2004
32,20.20,-46.20,09/27/09Z,45,1000,TROPICAL STORM,Lisa,19 SEP-03 OCT 2004
33,20.80,-46.50,09/27/15Z,40,1003,TROPICAL STORM,Lisa,19 SEP-03 OCT 2004
34,21.50,-46.50,09/27/21Z,35,1005,TROPICAL STORM,Lisa,19 SEP-03 OCT 2004
35,22.30,-46.40,09/28/03Z,35,1005,TROPICAL STORM,Lisa,19 SEP-03 OCT 2004
36,23.10,-46.50,09/28/09Z,35,1005,TROPICAL STORM,Lisa,19 SEP-03 OCT 2004
37,25.00,-47.10,09/28/15Z,45,1000,TROPICAL STORM,Lisa,19 SEP-03 OCT 2004
38,26.40,-46.50,09/28/21Z,45,999,TROPICAL STORM,Lisa,19 SEP-03 OCT 2004
39,27.00,-46.50,09/29/03Z,55,994,TROPICAL STORM,Lisa,19 SEP-03 OCT 2004
40,28.00,-46.10,09/29/09Z,60,991,TROPICAL STORM,Lisa,19 SEP-03 OCT 2004
41,29.70,-45.80,09/29/15Z,60,990,TROPICAL STORM,Lisa,19 SEP-03 OCT 2004
42,30.90,-45.90,09/29/21Z,60,990,TROPICAL STORM,Lisa,19 SEP-03 OCT 2004
43,31.50,-46.20,09/30/03Z,60,990,TROPICAL STORM,Lisa,19 SEP-03 OCT 2004
44,32.50,-47.00,09/30/09Z,60,990,TROPICAL STORM,Lisa,19 SEP-03 OCT 2004
45,32.80,-47.70,09/30/15Z,55,994,TROPICAL STORM,Lisa,19 SEP-03 OCT 2004
46,33.60,-47.90,09/30/21Z,60,990,TROPICAL STORM,Lisa,19 SEP-03 OCT 2004
47,34.60,-47.70,10/01/03Z,60,990,TROPICAL STORM,Lisa,19 SEP-03 OCT 2004
48,35.60,-47.40,10/01/09Z,60,990,TROPICAL STORM,Lisa,19 SEP-03 OCT 2004
49,36.90,-46.50,10/01/15Z,60,990,TROPICAL STORM,Lisa,19 SEP-03 OCT 2004
50,38.40,-45.10,10/01/21Z,65,987,HURRICANE-1,Lisa,19 SEP-03 OCT 2004
51,39.60,-42.80,10/02/03Z,60,988,TROPICAL STORM,Lisa,19 SEP-03 OCT 2004
52,40.80,-40.50,10/02/09Z,65,987,HURRICANE-1,Lisa,19 SEP-03 OCT 2004
53,42.00,-36.80,10/02/15Z,65,987,HURRICANE-1,Lisa,19 SEP-03 OCT 2004
54,43.10,-34.70,10/02/21Z,55,990,TROPICAL STORM,Lisa,19 SEP-03 OCT 2004
55,43.90,-31.60,10/03/03Z,50,992,TROPICAL STORM,Lisa,19 SEP-03 OCT 2004
1,24.20,-93.80,10/08/21Z,35,1001,TROPICAL STORM,Matthew,08-10 OCT 2004
2,24.70,-93.40,10/09/03Z,40,1000,TROPICAL STORM,Matthew,08-10 OCT 2004
3,25.60,-92.90,10/09/09Z,35,1002,TROPICAL STORM,Matthew,08-10 OCT 2004
4,26.70,-92.60,10/09/15Z,30,1003,TROPICAL DEPRESSION,Matthew,08-10 OCT 2004
5,27.30,-91.90,10/09/21Z,35,997,TROPICAL STORM,Matthew,08-10 OCT 2004
5A,27.20,-91.30,10/10/00Z,35,998,TROPICAL STORM,Matthew,08-10 OCT 2004
6,27.70,-91.30,10/10/03Z,35,998,TROPICAL STORM,Matthew,08-10 OCT 2004
6A,28.10,-91.20,10/10/06Z,35,1001,TROPICAL STORM,Matthew,08-10 OCT 2004
7,28.50,-91.10,10/10/09Z,35,1001,TROPICAL STORM,Matthew,08-10 OCT 2004
7A,29.50,-90.80,10/10/12Z,35,1000,TROPICAL STORM,Matthew,08-10 OCT 2004
8,29.90,-90.80,10/10/15Z,30,1001,TROPICAL DEPRESSION,Matthew,08-10 OCT 2004
1,31.80,-66.00,10/10/09Z,40,1000,TROPICAL STORM,Nicole,10-11 OCT 2004
2,32.20,-66.80,10/10/15Z,40,1002,TROPICAL STORM,Nicole,10-11 OCT 2004
2A,32.10,-67.00,10/10/18Z,40,1002,TROPICAL STORM,Nicole,10-11 OCT 2004
3,32.00,-66.50,10/10/21Z,40,1000,TROPICAL STORM,Nicole,10-11 OCT 2004
3A,32.80,-65.60,10/11/00Z,40,999,TROPICAL STORM,Nicole,10-11 OCT 2004
4,33.10,-65.00,10/11/03Z,40,995,TROPICAL STORM,Nicole,10-11 OCT 2004
4A,33.80,-64.40,10/11/06Z,40,995,TROPICAL STORM,Nicole,10-11 OCT 2004
5,34.90,-63.60,10/11/09Z,40,994,TROPICAL STORM,Nicole,10-11 OCT 2004
6,36.00,-61.30,10/11/15Z,40,988,TROPICAL STORM,Nicole,10-11 OCT 2004
7,40.00,-61.00,10/11/21Z,45,988,TROPICAL STORM,Nicole,10-11 OCT 2004
1,31.80,-51.00,11/30/21Z,40,997,TROPICAL STORM,Otto,30 NOV-02 DEC 2004
2,31.60,-50.80,12/01/03Z,40,997,TROPICAL STORM,Otto,30 NOV-02 DEC 2004
3,31.90,-50.70,12/01/09Z,45,993,TROPICAL STORM,Otto,30 NOV-02 DEC 2004
4,31.40,-50.20,12/01/15Z,40,998,TROPICAL STORM,Otto,30 NOV-02 DEC 2004
5,30.70,-49.90,12/01/21Z,35,999,TROPICAL STORM,Otto,30 NOV-02 DEC 2004
6,30.20,-49.70,12/02/03Z,35,997,TROPICAL STORM,Otto,30 NOV-02 DEC 2004
7,29.80,-49.90,12/02/09Z,35,996,TROPICAL STORM,Otto,30 NOV-02 DEC 2004
8,28.80,-50.60,12/02/15Z,30,995,TROPICAL DEPRESSION,Otto,30 NOV-02 DEC 2004